"Accuracy","Kappa","Precision","F1_Score"
0.779086892488954,0.508080329974981,0.950738916256158,0.837310195227766
